laname23,sex,age,population_2011,population_2012,population_2013,population_2014,population_2015,population_2016,population_2017,population_2018,population_2019,population_2020,population_2021,population_2022
ENGLAND,M,50,"361,409","373,477","380,569","388,224","392,138","390,265","392,554","387,584","387,904","378,086","386,596","373,388"
ENGLAND,M,51,"346,924","360,983","372,869","380,234","387,965","391,763","389,684","392,017","386,889","386,392","377,334","385,363"
ENGLAND,M,52,"339,352","346,448","360,454","372,266","379,710","387,405","391,032","388,842","390,788","385,309","385,727","375,791"
ENGLAND,M,53,"332,154","338,552","345,814","359,838","371,527","378,922","386,427","390,007","387,458","388,822","384,419","383,976"
ENGLAND,M,54,"319,149","331,075","337,718","345,206","359,200","370,590","377,827","385,303","388,410","385,245","387,567","382,550"
ENGLAND,M,55,"308,806","317,990","330,037","336,859","344,437","358,218","369,314","376,492","383,301","385,929","383,798","385,620"
ENGLAND,M,56,"297,135","307,397","316,658","328,895","335,766","343,271","356,902","367,660","374,331","380,620","384,328","381,730"
ENGLAND,M,57,"297,836","295,601","305,912","315,255","327,491","334,426","341,950","355,235","365,555","371,454","378,587","381,994"
ENGLAND,M,58,"295,033","296,030","293,831","304,367","313,735","325,862","332,743","340,221","353,049","362,482","369,489","376,158"
ENGLAND,M,59,"285,974","292,995","294,178","292,110","302,646","311,926","323,927","330,792","337,965","350,170","360,185","367,031"
ENGLAND,M,60,"288,397","283,817","290,784","292,126","290,082","300,651","309,718","321,701","328,383","335,093","347,802","357,667"
ENGLAND,M,61,"293,435","286,108","281,556","288,506","289,907","287,819","298,373","307,230","319,142","325,295","332,712","344,918"
ENGLAND,M,62,"302,337","290,756","283,450","279,063","286,023","287,415","285,212","295,759","304,458","315,841","322,591","329,845"
ENGLAND,M,63,"319,545","299,254","287,874","280,842","276,363","283,265","284,622","282,501","292,792","301,104","312,904","319,448"
ENGLAND,M,64,"348,284","316,119","296,004","284,850","277,844","273,371","280,246","281,570","279,357","289,241","297,945","309,720"
ENGLAND,M,65,"268,158","344,224","312,259","292,474","281,412","274,586","270,014","276,760","278,241","275,677","285,965","294,558"
ENGLAND,M,66,"260,309","264,546","339,949","308,485","288,714","277,841","271,117","266,555","273,130","274,250","272,191","282,292"
ENGLAND,M,67,"259,773","256,578","260,748","335,507","304,147","284,676","273,888","267,353","262,801","268,789","270,369","268,525"
ENGLAND,M,68,"240,572","255,904","252,630","256,879","330,643","299,572","280,393","269,698","263,362","258,445","264,615","266,443"
ENGLAND,M,69,"213,801","236,402","251,620","248,501","252,596","325,269","294,680","275,597","265,074","258,561","253,889","260,409"
ENGLAND,M,70,"191,917","209,814","232,054","247,192","244,058","248,043","319,650","289,309","270,635","259,750","253,887","249,450"
ENGLAND,M,71,"199,921","187,707","205,576","227,466","242,269","239,162","243,094","313,426","283,687","264,841","254,490","249,080"
ENGLAND,M,72,"197,591","195,225","183,306","201,014","222,387","237,134","233,900","237,686","306,957","277,087","258,966","249,065"
ENGLAND,M,73,"192,255","192,530","190,089","178,869","196,201","216,962","231,445","228,274","232,137","299,182","270,428","252,979"
ENGLAND,M,74,"181,894","186,864","187,099","185,064","173,798","190,979","211,121","225,270","222,430","225,425","291,258","263,625"
ENGLAND,M,75,"171,911","176,244","181,105","181,614","179,239","168,454","185,188","204,634","218,906","215,297","218,579","283,089"
ENGLAND,M,76,"162,735","165,903","169,965","175,283","175,417","173,260","162,834","178,990","198,105","211,094","207,978","211,580"
ENGLAND,M,77,"149,477","156,387","159,533","163,849","168,688","168,900","166,899","156,779","172,850","190,261","203,116","200,400"
ENGLAND,M,78,"140,940","143,031","149,734","153,027","156,980","161,618","161,992","160,022","150,641","165,275","182,217","195,034"
ENGLAND,M,79,"136,064","134,357","136,178","142,966","145,707","149,953","154,238","154,720","152,999","142,976","157,469","174,091"
ENGLAND,M,80,"127,395","128,848","127,139","129,247","135,310","138,252","142,219","146,274","147,227","144,411","135,335","149,571"
ENGLAND,M,81,"116,429","119,556","121,203","119,974","121,539","127,483","130,312","133,958","138,463","138,108","135,870","127,662"
ENGLAND,M,82,"104,119","108,407","111,094","113,495","111,911","113,703","119,253","121,795","125,938","128,800","128,985","127,182"
ENGLAND,M,83,"92,560","96,077","99,979","102,934","104,778","103,724","105,520","110,650","113,469","116,306","119,340","120,059"
ENGLAND,M,84,"83,689","84,385","87,622","91,886","94,084","96,315","95,349","96,818","102,259","103,483","106,716","109,871"
ENGLAND,M,85,"74,160","75,761","76,034","79,697","82,887","85,273","87,344","86,706","88,441","92,146","93,920","97,454"
ENGLAND,M,86,"63,615","66,164","67,513","68,488","70,985","74,180","76,489","78,272","78,406","78,738","82,577","84,702"
ENGLAND,M,87,"54,463","56,161","58,108","59,959","60,074","62,807","65,475","67,154","69,814","68,751","69,729","73,426"
ENGLAND,M,88,"46,119","47,372","48,584","50,761","51,819","52,350","54,548","56,709","58,742","60,019","59,802","60,862"
ENGLAND,M,89,"39,749","39,326","40,233","41,796","43,099","44,343","44,824","46,266","48,693","49,268","51,505","51,373"
ENGLAND,M,90,"111,803","121,014","126,718","134,489","138,619","144,815","149,624","152,779","159,645","160,688","164,983","170,961"
ENGLAND,F,50,"366,327","379,669","388,904","397,814","402,687","401,743","400,808","398,687","399,398","389,915","400,518","384,203"
ENGLAND,F,51,"351,937","366,078","379,614","388,819","397,780","402,790","401,541","400,765","398,234","398,405","389,943","399,629"
ENGLAND,F,52,"344,086","351,621","365,801","379,571","388,589","397,549","402,385","401,180","400,002","397,135","398,210","389,004"
ENGLAND,F,53,"336,435","343,760","351,330","365,487","379,381","388,334","397,150","401,972","400,217","398,719","397,023","397,129"
ENGLAND,F,54,"324,806","335,856","343,333","350,883","365,000","379,073","387,700","396,517","400,710","398,604","398,321","395,541"
ENGLAND,F,55,"313,516","324,117","335,175","342,715","350,309","364,343","378,418","386,816","395,139","399,251","398,025","396,674"
ENGLAND,F,56,"303,305","312,544","323,215","334,367","341,960","349,507","363,368","377,501","385,401","393,301","398,480","396,568"
ENGLAND,F,57,"305,403","302,331","311,578","322,392","333,437","341,055","348,549","362,220","376,022","383,468","392,536","396,700"
ENGLAND,F,58,"301,455","304,261","301,163","310,570","321,317","332,278","339,983","347,288","360,602","374,293","382,614","390,534"
ENGLAND,F,59,"295,038","300,166","303,044","300,051","309,342","320,098","330,975","338,767","345,609","358,685","373,113","380,690"
ENGLAND,F,60,"297,457","293,661","298,802","301,793","298,682","307,940","318,603","329,466","336,991","343,649","357,409","371,139"
ENGLAND,F,61,"305,710","295,940","292,183","297,318","300,404","297,247","306,376","317,053","327,538","334,945","342,484","355,399"
ENGLAND,F,62,"313,305","303,888","294,299","290,662","295,645","298,819","295,623","304,551","315,003","325,325","333,476","340,403"
ENGLAND,F,63,"332,459","311,396","301,906","292,606","288,958","293,860","297,000","293,873","302,344","312,772","323,565","331,318"
ENGLAND,F,64,"361,362","330,332","309,369","299,898","290,693","287,030","291,848","295,037","291,778","299,986","311,038","321,158"
ENGLAND,F,65,"280,482","358,764","327,979","307,138","297,724","288,611","284,953","289,518","292,853","289,500","298,067","308,545"
ENGLAND,F,66,"273,585","278,150","356,018","325,549","304,594","295,291","286,402","282,784","287,171","290,374","287,478","295,709"
ENGLAND,F,67,"273,394","271,067","275,637","353,133","322,794","302,021","292,686","283,965","280,270","284,452","288,214","284,923"
ENGLAND,F,68,"256,467","270,626","268,264","272,984","349,835","319,783","299,172","289,755","281,270","277,343","281,783","285,437"
ENGLAND,F,69,"231,079","253,601","267,711","265,493","269,968","346,203","316,507","296,020","286,593","278,095","274,671","278,924"
ENGLAND,F,70,"210,047","228,263","250,509","264,611","262,338","266,826","342,274","312,841","292,615","283,181","274,998","271,460"
ENGLAND,F,71,"219,818","207,189","225,320","247,334","261,142","258,963","263,519","338,069","309,040","288,448","279,438","271,486"
ENGLAND,F,72,"219,848","216,513","204,078","222,024","243,616","257,384","255,087","259,642","333,524","304,507","284,497","275,608"
ENGLAND,F,73,"214,700","216,066","212,823","200,732","218,397","239,593","253,158","250,946","255,634","328,057","299,906","280,127"
ENGLAND,F,74,"206,560","210,865","212,138","209,057","196,949","214,475","235,296","248,651","246,619","250,722","322,503","294,842"
ENGLAND,F,75,"198,752","202,202","206,519","207,894","204,748","192,885","210,146","230,538","243,950","241,528","245,741","316,379"
ENGLAND,F,76,"191,159","194,223","197,508","202,063","202,996","200,110","188,516","205,413","225,626","238,253","236,176","240,291"
ENGLAND,F,77,"180,146","186,258","189,132","192,680","196,799","197,961","195,007","183,600","200,610","219,558","232,304","230,369"
ENGLAND,F,78,"174,360","174,813","180,571","184,010","186,984","191,330","192,335","189,438","178,574","194,451","213,217","225,984"
ENGLAND,F,79,"172,787","168,583","168,807","175,000","177,983","181,168","185,296","186,002","183,713","172,422","188,176","206,543"
ENGLAND,F,80,"168,522","166,292","162,164","162,883","168,189","171,664","174,661","178,634","179,711","176,403","165,978","181,398"
ENGLAND,F,81,"160,681","161,060","159,132","155,616","155,800","161,336","164,623","167,485","171,795","171,867","169,308","159,103"
ENGLAND,F,82,"148,184","152,682","152,834","151,875","147,999","148,477","153,746","156,825","160,132","163,333","164,045","161,481"
ENGLAND,F,83,"136,864","139,907","144,044","144,645","143,325","140,134","140,672","145,543","148,964","151,357","154,787","155,575"
ENGLAND,F,84,"127,404","128,142","130,733","135,594","135,063","134,622","131,567","132,100","137,225","139,425","142,319","145,758"
ENGLAND,F,85,"118,928","118,292","118,616","121,979","125,663","125,636","125,246","122,437","123,640","127,246","129,944","132,931"
ENGLAND,F,86,"108,907","109,340","108,533","109,675","111,750","115,696","115,597","115,183","113,482","113,360","117,517","120,253"
ENGLAND,F,87,"99,659","98,940","99,300","99,136","99,337","101,682","105,120","104,898","105,624","102,655","103,469","107,756"
ENGLAND,F,88,"90,656","89,662","88,743","89,783","88,484","89,192","91,245","94,083","94,721","94,312","92,307","93,503"
ENGLAND,F,89,"82,648","80,177","78,930","79,135","78,938","78,456","78,802","80,359","83,682","82,880","83,569","82,262"
ENGLAND,F,90,"302,611","316,473","322,286","333,527","332,559","337,462","337,578","335,578","343,131","340,853","344,453","349,365"
